fold,test_start,test_end,multiplier,unmanaged_return,managed_return,managed_sharpe
1,1930-10-01,1931-08-01,0.0000518409,-0.2481641901,-0.0894590350,-1.2814117331
2,1931-08-03,1932-06-04,0.0000598684,-0.5889781911,-0.1616764510,-2.7037389190
3,1932-06-06,1933-04-19,0.0000765090,0.3988725620,0.0490520511,0.6979515857
4,1933-04-20,1934-02-26,0.0000929263,0.6093022373,0.0543862324,0.6617132647
5,1934-02-27,1934-12-27,0.0001024992,-0.0946767029,-0.1716154626,-1.0714913605
6,1934-12-28,1935-10-26,0.0001035237,0.3885949859,0.6312547251,2.3859801289
7,1935-10-28,1936-08-27,0.0001020655,0.2771067745,0.5030799240,1.7258191644
8,1936-08-28,1937-07-02,0.0000995269,0.0537585217,0.0438724454,0.3007614326
9,1937-07-06,1938-05-06,0.0000975059,-0.3165437026,-0.2841408625,-1.9821424370
10,1938-05-07,1939-03-09,0.0001016801,0.3076905484,0.0977680423,0.6906494693
11,1939-03-10,1940-01-09,0.0001030146,0.0313345815,-0.0760630385,-0.2843248693
12,1940-01-10,1940-11-07,0.0001029979,-0.0437259504,-0.0440255177,0.1126244068
13,1940-11-08,1941-09-09,0.0000967405,-0.0163292783,0.0212668181,0.2239482088
14,1941-09-10,1942-07-13,0.0000931338,-0.1188132571,-0.2190294175,-0.6145234790
15,1942-07-14,1943-05-14,0.0000898147,0.4281841275,2.8706458411,3.9541926725
16,1943-05-15,1944-03-16,0.0000851968,0.1033383266,0.3044393108,0.9457720299
17,1944-03-17,1945-01-19,0.0000813839,0.1563421988,0.8020248909,1.6541286264
18,1945-01-20,1945-12-07,0.0000762596,0.3766182512,0.5627816257,1.5434324658
19,1945-12-08,1946-11-01,0.0000732831,-0.1059569959,-0.1705308353,-0.9221236020
20,1946-11-02,1947-09-24,0.0000733826,0.0194441775,-0.1436020870,-0.8290082682
21,1947-09-25,1948-08-11,0.0000730726,0.0769635560,-0.0550108703,-0.0744979932
22,1948-08-12,1949-06-28,0.0000713194,-0.0668561814,-0.3776005824,-1.4853058587
23,1949-06-29,1950-05-17,0.0000693757,0.3920663224,1.5224336850,3.6019971067
24,1950-05-18,1951-04-12,0.0000675751,0.2306903494,0.1158721053,0.5794142579
25,1951-04-13,1952-03-05,0.0000665556,0.1184452546,0.2166871779,0.8831776685
26,1952-03-06,1953-02-19,0.0000650374,0.0861264447,0.2512235309,0.8235969120
27,1953-02-20,1954-02-19,0.0000623101,0.0708870118,0.0602025440,0.3560023439
28,1954-02-23,1955-02-18,0.0000609053,0.4582231326,1.0091405879,2.7998579024
29,1955-02-21,1956-02-20,0.0000594944,0.1760813257,-0.6215093338,-0.2773374872
30,1956-02-21,1957-02-20,0.0000488123,0.0174488610,-0.1104748781,-0.6036392226
31,1957-02-21,1958-02-20,0.0000484809,-0.0523593499,0.1840216714,1.0471313482
32,1958-02-21,1959-02-20,0.0000482168,0.4068783168,0.7009326189,3.0796917937
33,1959-02-24,1960-02-19,0.0000477812,0.0136140243,-0.0197873099,-0.0333030804
34,1960-02-23,1961-02-20,0.0000474307,0.1313030568,0.1532406173,0.8847995668
35,1961-02-21,1962-02-21,0.0000470345,0.1322192190,0.2522820278,1.2096877592
36,1962-02-23,1963-02-21,0.0000464407,-0.0679479056,-0.1941316155,-1.3384172076
37,1963-02-25,1964-02-25,0.0000465086,0.1589377415,0.5581112684,2.0132094682
38,1964-02-26,1965-02-24,0.0000457162,0.1224405743,0.3574059269,1.0614661762
39,1965-02-25,1966-02-23,0.0000439346,0.0584744695,0.3439563585,1.1661661370
40,1966-02-24,1967-02-23,0.0000427442,-0.0396481972,-0.1585092833,-1.2041491865
41,1967-02-24,1968-02-26,0.0000426800,0.0510446205,0.0316485515,0.2578750028
42,1968-02-27,1969-04-07,0.0000422415,0.0891156354,-0.0077405995,0.0687912260
43,1969-04-08,1970-04-07,0.0000417465,-0.1611953406,-0.2430134739,-2.1049771195
44,1970-04-08,1971-04-02,0.0000416854,0.1079046969,0.2632050633,1.9979033192
45,1971-04-05,1972-03-30,0.0000418065,0.0642996327,-0.0208349323,-0.0508842284
46,1972-04-03,1973-04-03,0.0000415945,-0.0567677938,-0.1457587940,-0.9507977968
47,1973-04-04,1974-04-02,0.0000413856,-0.1849086121,-0.0734808184,-0.8742749516
48,1974-04-03,1975-04-02,0.0000416604,-0.1507157423,-0.0567024942,-0.8521477020
49,1975-04-03,1976-03-30,0.0000422213,0.2288081892,0.1010734468,1.1112180219
50,1976-03-31,1977-03-29,0.0000423570,-0.0067983210,-0.0583249746,-0.3763255714
51,1977-03-30,1978-03-30,0.0000422236,-0.0637886177,-0.1481584532,-1.0351769729
52,1978-03-31,1979-03-28,0.0000420476,0.1258913801,0.1832917232,1.4903436914
53,1979-03-29,1980-03-26,0.0000420662,-0.0682869047,0.0089238752,0.1335527528
54,1980-03-27,1981-03-26,0.0000420602,0.3416277393,0.2044776777,2.2622176314
55,1981-03-27,1982-03-25,0.0000422685,-0.2325986390,-0.2008519010,-2.2153242586
56,1982-03-26,1983-03-23,0.0000423633,0.3276891006,0.0418630283,0.4724038929
57,1983-03-24,1984-03-21,0.0000425873,-0.0306306277,-0.0486903680,-0.3453998068
58,1984-03-22,1985-03-20,0.0000425597,0.0822553311,0.0757108176,0.6657090176
59,1985-03-21,1986-03-20,0.0000425314,0.2811010932,0.3731515099,2.2230594518
60,1986-03-21,1987-03-19,0.0000423691,0.1828592410,0.1296294785,1.2221274057
61,1987-03-20,1988-03-17,0.0000424489,-0.1140531360,0.0615121687,0.6532715092
62,1988-03-18,1989-03-16,0.0000433399,0.0699876087,0.1449923985,1.1662892291
63,1989-03-17,1990-03-15,0.0000433270,0.0553709466,0.0406052081,0.3282302373
64,1990-03-16,1991-03-14,0.0000431840,0.0485470965,-0.0061501105,-0.0142717418
65,1991-03-15,1992-03-12,0.0000433544,0.0976667812,0.0438497883,0.4082679251
66,1992-03-13,1993-03-11,0.0000433414,0.1204416997,0.1351008354,0.8919761357
67,1993-03-12,1994-03-09,0.0000431670,0.0438410002,0.1819265440,1.0229185695
68,1994-03-10,1995-03-09,0.0000428787,0.0004519770,0.0198017009,0.2013421614
69,1995-03-10,1996-03-07,0.0000426745,0.3066852044,0.6170821794,2.8226119084
70,1996-03-08,1997-03-06,0.0000424118,0.1534533354,0.1449551718,1.1004176636
71,1997-03-07,1998-03-06,0.0000423632,0.2738128654,0.0677492496,0.6997326150
72,1998-03-09,1999-03-08,0.0000425487,0.1299163826,0.0193337378,0.2598766009
73,1999-03-09,2000-03-06,0.0000429150,0.1735259456,0.0140828967,0.2215145383
74,2000-03-07,2001-03-06,0.0000431994,-0.2199270178,-0.1035561619,-1.6546227237
75,2001-03-07,2002-03-12,0.0000437932,-0.0760006223,-0.1021154159,-1.4741919065
76,2002-03-13,2003-03-12,0.0000442065,-0.3001083911,-0.1012631045,-1.7751642834
77,2003-03-13,2004-03-11,0.0000448437,0.4285412967,0.1962163219,1.9591966940
78,2004-03-12,2005-03-11,0.0000449764,0.0881518300,0.0022644610,0.0762900826
79,2005-03-14,2006-03-13,0.0000449779,0.0717595524,0.0351078584,0.3347473696
80,2006-03-14,2007-03-14,0.0000449250,0.0474886505,0.0518091026,0.3876749797
81,2007-03-15,2008-03-13,0.0000447729,-0.0741798288,-0.0307444274,-0.2869521302
82,2008-03-14,2009-03-13,0.0000449972,-0.4083995809,-0.0632525712,-1.1824918523
83,2009-03-16,2010-03-15,0.0000467122,0.5811995577,0.0865113494,1.2363225801
84,2010-03-16,2011-03-14,0.0000471081,0.1581318838,0.2185428448,1.6440253974
85,2011-03-15,2012-03-13,0.0000472673,0.0930182358,0.0701977072,0.7602365998
86,2012-03-14,2013-03-15,0.0000477068,0.1450656993,0.1118895052,0.8545029475
87,2013-03-18,2014-03-17,0.0000476994,0.2382396145,0.0591026561,0.4911604528
88,2014-03-18,2015-03-17,0.0000476615,0.1235693709,-0.0570563587,-0.2842499912
89,2015-03-18,2016-03-16,0.0000475627,-0.0264695755,-0.0610564840,-0.5661413380
90,2016-03-17,2017-03-16,0.0000477181,0.2197661855,0.1670528618,0.9039263994
91,2017-03-17,2018-03-16,0.0000474957,0.1802241969,0.3415313508,1.4272809743
92,2018-03-19,2019-03-19,0.0000471575,0.0217643056,-0.0575555315,-0.3396998745
93,2019-03-20,2020-03-18,0.0000472153,-0.1781268204,0.0368450860,0.3130585165
94,2020-03-19,2021-03-18,0.0000476423,0.7753285563,0.1613722895,1.5083642761
95,2021-03-19,2022-03-17,0.0000480969,0.0867003801,0.0070031490,0.1181949566
96,2022-03-18,2023-03-20,0.0000481884,-0.1217925356,-0.0352286853,-0.5723504177
97,2023-03-21,2024-03-20,0.0000486383,0.2747490544,0.1574227414,1.3617716334
98,2024-03-21,2025-03-24,0.0000486602,0.0654353074,-0.0026197873,0.0570121348
99,2025-03-25,2026-03-25,0.0000486508,0.1126355729,0.0083232436,0.1297505652
